UA_Name,UA_Country,UA_Continent,Venture Capital,Business Freedom,Economy,Taxation,Macroeconomic Overall,Internet Access,Leisure & Culture,Outdoors,Tolerance,Recreational Overall,Housing,Cost of Living,Safety,Environmental Quality,Residential Overall,Overall Rating
Aarhus, Denmark,Europe,2.512,9.94,4.887,5.068,5.60175,8.373,3.187,4.13,9.739,6.35725,6.132,4.015,9.617,7.633,6.84925,6.269416667
Adelaide, Australia,Oceania,2.64,9.4,6.07,4.588,5.6745,4.341,4.328,5.531,7.822,5.5055,6.31,4.692,7.926,8.331,6.81475,5.99825
Birmingham,United States,North America,1,8.671,6.514,4.204,5.09725,5.16,5.384,1.266,4.882,4.173,6.556,5.133,1.776,7.038,5.12575,4.798666667
Almaty, Kazakhstan,Asia,0,5.568,5.269,8.522,4.83975,2.886,2.937,5.5,6.54,4.46575,9.282,9.333,7.309,3.857,7.44525,5.583583333
Amsterdam, Netherlands,Europe,6.107,8.837,5.053,4.955,6.238,4.523,8.874,5.307,8.368,6.768,3.053,3.824,8.504,7.597,5.7445,6.250166667
Anchorage,United States,North America,0,8.671,6.514,4.772,4.98925,4.964,3.266,5.358,7.093,5.17025,5.434,3.141,3.47,9.272,5.32925,5.162916667
Andorra,Andorra,Europe,0,0,0,4.475,1.11875,7.186,2.132,3.588,8.704,5.4025,3.969,0,9.554,7.256,5.19475,3.905333333
Ankara, Turkey,Asia,0,5.948,4.094,4.323,3.59125,2.316,8.638,5.146,4.486,5.1465,9.928,9.125,7.425,2.936,7.3535,5.36375
Phoenix,United States,North America,4.558,8.671,6.514,4.488,6.05775,6.178,6.81,6.736,5.565,6.32225,6.533,6.208,2.583,4.625,4.98725,5.789083333
Asuncion, Paraguay,South America,0,3.684,4.109,8.423,4.054,1.479,5.992,3.485,7.051,4.50175,9.226,9.295,6.934,3.969,7.356,5.303916667
Athens, Greece,Europe,2.325,6.169,3.32,4.166,3.995,2.228,7.876,6.483,6.268,5.71375,9.052,6.5,6.758,3.802,6.528,5.41225
Los Angeles,United States,North America,10,8.575,6.514,4.768,7.46425,5.497,9.196,6.747,6.96,7.1,1.528,4.556,5.705,4.732,4.13025,6.2315
Auckland, New Zealand,Oceania,2.79,10,5.506,5.932,6.057,6.85,4.396,5.862,7.402,6.1275,4.72,4.47,7.022,8.272,6.121,6.101833333
Palo Alto,United States,North America,9.623,8.671,6.514,4.488,7.324,7.142,0,1.75,8.454,4.3365,0.5,0,7.637,6.727,3.716,5.1255
Baku, Azerbaijan,Asia,0,5.672,3.876,5.861,3.85225,1.442,6.22,4.503,6.585,4.6875,9.745,9.806,8.772,2.621,7.736,5.42525
Bali, Indonesia,Asia,0,3.912,4.658,6.266,3.709,3.238,6.334,7.5,4.559,5.40775,5,0,8.748,4.138,4.4715,4.529416667
San Diego,United States,North America,8.595,8.671,6.514,4.488,7.067,5.999,8.21,6.396,8.54,7.28625,2.934,5.156,6.933,7.267,5.5725,6.641916667
Bangkok, Thailand,Asia,3.453,5.604,2.387,6.795,4.55975,4.826,9.089,6.494,6.019,6.607,7.394,7.222,7.036,3.371,6.25575,5.8075
Barcelona, Spain,Europe,5.655,7.12,4.296,3.894,5.24125,6.468,8.591,5.828,7.472,7.08975,6.323,6.074,7.407,3.666,5.8675,6.066166667
Beijing, China,Asia,9.562,3.815,6.103,1.426,5.2265,3.493,7.268,4.944,2.822,4.63175,6.173,8.101,7.066,2.056,5.849,5.23575
Beirut, Lebanon,Asia,0,4.329,3.435,8.28,4.011,1.59,3.4,3.842,4.184,3.254,6.656,6.3,6.833,1.449,5.3095,4.1915
Belfast, United Kingdom,Europe,1.621,8.992,5.438,5.954,5.50125,5.596,4.957,1.413,5.98,4.4865,7.532,6.014,7.679,8.378,7.40075,5.796166667
Belgrade, Serbia,Europe,2.333,5.384,1.638,4.166,3.38025,3.863,6.497,5.078,7.387,5.70625,9.258,8.546,6.7,4.883,7.34675,5.47775
Belize City, Belize,North America,0,3.411,3.496,6.93,3.45925,3.808,1.064,0.5,6.865,3.05925,4.642,0,6.052,2.031,3.18125,3.23325
Bengaluru, India,Asia,8.973,3.618,5.556,3.414,5.39025,2.841,3.222,2.385,3.484,2.983,9.811,10,7.294,2.756,7.46525,5.2795
Bergen, Norway,Europe,1,9.635,7.074,4.752,5.61525,6.537,4.488,4.314,7.614,5.73825,5.229,1.805,7.708,7.539,5.57025,5.64125
Berlin, Germany,Europe,7.82,9.072,5.374,3.904,6.5425,4.678,8.881,5.475,7.177,6.55275,6.395,5.524,7.252,6.772,6.48575,6.527
Bern, Switzerland,Europe,0,8.888,6.552,6.429,5.46725,6.115,4.245,2.122,8.589,5.26775,4.923,1,9.266,9.244,6.10825,5.614416667
Bilbao, Spain,Europe,0,7.12,4.296,3.894,3.8275,5.756,6.014,1.481,8.663,5.4785,6.888,5.638,8.78,8.328,7.4085,5.5715
Birmingham, United Kingdom,Europe,2.541,8.992,5.438,5.954,5.73125,5.94,4.435,1.268,6.421,4.516,5.904,5.814,6.947,5.738,6.10075,5.449333333
San Francisco Bay Area,United States,North America,10,8.671,6.514,4.488,7.41825,5.606,9.407,7.014,8.013,7.51,1,2.618,5.716,6.482,3.954,6.294083333
Bogota, Colombia,South America,1.259,6.349,4.594,1.852,3.5135,2.976,6.215,7.477,8.555,6.30575,9.028,9.08,6.222,4.348,7.1695,5.662916667
San Luis Obispo,United States,North America,3.077,8.671,6.514,4.488,5.6875,7.936,2.776,1.508,9.666,5.4715,1.724,0,8.058,7.392,4.2935,5.150833333
Bologna, Italy,Europe,1.397,6.19,3.362,2.436,3.34625,7.71,5.736,1.582,7.618,5.6615,7.472,5.189,7.337,5.46,6.3645,5.124083333
Bordeaux, France,Europe,0,8.088,4.204,2.648,3.735,3.875,5.3,2.876,7.126,4.79425,7.192,4.583,7.466,7.261,6.6255,5.051583333
Boulder,United States,North America,6.019,8.671,6.514,4.346,6.3875,6.278,2.565,6.699,9.275,6.20425,3.704,4.531,7.074,9.844,6.28825,6.293333333
Colorado Springs,United States,North America,2.147,8.671,6.514,4.346,5.4195,5.922,3.812,7.356,9.206,6.574,6.5,5.375,5.378,8.527,6.445,6.146166667
Denver,United States,North America,6.117,8.671,6.514,4.346,6.412,5.419,6.224,7.933,7.86,6.859,3.838,5.102,5.371,7.117,5.357,6.209333333
Bratislava, Slovakia,Europe,0,6.189,4.47,4.937,3.899,4.584,6.186,4.858,6.432,5.515,7.874,7.618,8.618,6.2,7.5775,5.663833333
Brighton, United Kingdom,Europe,0,8.992,5.438,5.954,5.096,4.758,4.87,4.898,8.17,5.674,2.49,5.324,8.472,8.246,6.133,5.634333333
Brisbane, Australia,Oceania,3.24,9.4,6.07,4.588,5.8245,4.408,4.01,6.257,7.49,5.54125,5.212,5.177,7.904,8.828,6.78025,6.048666667
Bristol, United Kingdom,Europe,3.593,8.992,5.438,5.954,5.99425,6.478,3.862,4.538,7.439,5.57925,5.216,5.242,7.94,6.472,6.2175,5.930333333
Brno, Czechia,Europe,0,6.213,4.378,5.934,4.13125,7.021,5.352,3.694,8.055,6.0305,8.329,7.926,8.566,6.055,7.719,5.96025
Brussels, Belgium,Europe,3.374,8.877,4.812,1.883,4.7365,7.572,8.144,4.123,6.481,6.58,6.355,4.477,6.703,4.591,5.5315,5.616
Bucharest, Romania,Europe,1.187,5.682,4.103,6.839,4.45275,9.638,6.959,1.968,8.687,6.813,9.187,8.516,8.986,3.419,7.527,6.26425
Budapest, Hungary,Europe,2.804,6.708,4.946,6.108,5.1415,6.759,8.253,5.112,7.228,6.838,8.57,7.948,8.218,5.288,7.506,6.495166667
Buenos Aires, Argentina,South America,2.31,4.045,2.884,1.568,2.70175,1.528,7.674,4.536,8.584,5.5805,8.812,7.764,6.04,4.869,6.87125,5.051166667
Fort Collins,United States,North America,0,8.671,6.514,4.346,4.88275,5.302,2.746,6.187,9.48,5.92875,2.745,0,6.935,9.953,4.90825,5.239916667
Cairo, Egypt,Africa,2.958,5.791,2.978,5.101,4.207,2.405,6.186,0.5,2.65,2.93525,10,10,6.791,1.156,6.98675,4.709666667
Calgary, Canada,North America,2.036,8.966,5.841,7.275,6.0295,5.671,4.268,7.504,8.11,6.38825,6.495,5.418,7.923,8.191,7.00675,6.474833333
Cambridge, United Kingdom,Europe,3.284,8.992,5.438,5.954,5.917,5.81,2.455,0.5,8.487,4.313,4.106,4.851,9.504,8.017,6.6195,5.6165
Cape Town, South Africa,Africa,3.725,4.732,2.768,5.151,4.094,5.613,4.736,6.751,3.66,5.19,6.764,7.955,5.328,6.608,6.66375,5.315916667
Caracas, Venezuela,South America,0,1,1.978,4.18,1.7895,1.642,4.38,4.098,4.55,3.6675,4.902,9.82,5.221,2.272,5.55375,3.67025
Cardiff, United Kingdom,Europe,1.78,8.992,5.438,5.954,5.541,5.101,5.028,4.806,7.996,5.73275,7.065,6.082,8.21,6.607,6.991,6.08825
Casablanca, Morocco,Africa,0,5.614,3.174,3.3,3.022,2.067,2.683,3.994,2.945,2.92225,8.822,9.088,6.776,2.256,6.7355,4.226583333
Washington,United States,North America,8.056,8.671,6.514,4.062,6.82575,3.826,10,5.023,6.55,6.34975,1.21,3.595,2.192,6.994,3.49775,5.55775
Jacksonville,United States,North America,2.545,8.671,6.514,4.772,5.6255,6.158,5.655,5.013,5.679,5.62625,6.45,5.359,3.826,7.12,5.68875,5.646833333
Miami,United States,North America,5.055,8.671,6.514,4.772,6.253,5.824,6.768,5.384,6.044,6.005,3.031,4.497,4.321,6.292,4.53525,5.59775
Chennai, India,Asia,3.782,3.618,5.556,3.414,4.0925,6.826,2.228,4.198,4.55,4.4505,10,10,7.837,2.395,7.558,5.367
Chiang Mai, Thailand,Asia,0,5.604,2.387,6.795,3.6965,4.286,6.848,3.088,6.872,5.2735,9.372,8.495,8.453,3.981,7.57525,5.515083333
Orlando,United States,North America,2.464,8.671,6.514,4.772,5.60525,4.886,5.93,4.493,5.784,5.27325,5.778,5.284,4.134,6.676,5.468,5.448833333
Chisinau, Moldova,Europe,0,5.443,3.977,6.232,3.913,5.362,2.712,3.121,6.647,4.4605,9.676,9.343,7.628,4.338,7.74625,5.37325
Christchurch, New Zealand,Oceania,0,10,5.506,5.932,5.3595,5.922,3.224,6.269,8.404,5.95475,6.934,5.096,7.585,9.256,7.21775,6.177333333
Tampa Bay Area,United States,North America,3.778,8.671,6.514,4.772,5.93375,7.195,6.434,5.497,5.36,6.1215,5.696,5.253,4.706,7.379,5.7585,5.937916667
Atlanta,United States,North America,7.257,8.671,6.514,4.204,6.6615,6.48,7.765,5.01,4.062,5.82925,4.976,5.241,2.672,5.818,4.67675,5.7225
Cluj-Napoca, Romania,Europe,1.899,5.682,4.103,6.839,4.63075,8.666,2.628,4.255,8.624,6.04325,9.165,8.794,9.474,6.401,8.4585,6.3775
Cologne, Germany,Europe,3.278,9.072,5.374,3.904,5.407,5.666,5.322,5.289,6.712,5.74725,6.526,5.607,6.63,6.48,6.31075,5.821666667
Honolulu,United States,North America,0,8.671,6.514,4.204,4.84725,6.158,7.623,5.918,7.774,6.86825,2.342,2.867,6.857,6.094,4.54,5.4185
Boise,United States,North America,2.596,8.671,6.514,4.062,5.46075,3.442,4.2,5.221,6.928,4.94775,6.964,6.578,4.36,8.07,6.493,5.633833333
Copenhagen, Denmark,Europe,4.467,9.94,4.887,5.068,6.0905,7.24,7.063,4.671,9.096,7.0175,4.227,3.426,9.152,8.272,6.26925,6.459083333
Cork, Ireland,Europe,2.87,8.346,7.515,6.255,6.2465,9.144,2.532,0.5,8.631,5.20175,5.515,4.902,8.84,8.013,6.8175,6.088583333
Curitiba, Brazil,South America,2.148,2.781,2.187,2.852,2.492,3.142,7.188,2.666,7.848,5.211,9.43,8.433,5.946,7.757,7.8915,5.198166667
Chicago,United States,North America,8.368,8.671,6.514,4.062,6.90375,6.599,8.193,5.416,6.134,6.5855,3.702,4.766,3.832,6.804,4.776,6.088416667
Dar es Salaam, Tanzania,Africa,3.191,3.289,5.5,4.497,4.11925,1.11,1.205,4.354,2.766,2.35875,7.652,8.026,6.1,2.08,5.9645,4.1475
Delhi, India,Asia,9.099,3.618,5.556,3.414,5.42175,3.588,5.683,1.178,3.116,3.39125,9.752,9.869,6.418,2.203,7.0605,5.291166667
Indianapolis,United States,North America,3.96,8.671,6.514,4.062,5.80175,5.876,7.299,3.965,6.87,6.0025,6.266,5.478,3.968,6.16,5.468,5.757416667
Des Moines,United States,North America,1.818,8.671,6.514,4.346,5.33725,5.698,6.066,3.3,8.476,5.885,6.851,6.327,6.984,8.682,7.211,6.144416667
Louisville,United States,North America,2.293,8.671,6.514,4.062,5.385,5.527,5.694,1.3,5.778,4.57475,7.258,6.358,3.618,6.601,5.95875,5.306166667
Doha, Qatar,Asia,0,7.408,9.39,10,6.6995,3.245,4.62,4.437,5.062,4.341,2.132,6.183,9.486,3.942,5.43575,5.492083333
Dresden, Germany,Europe,1.533,9.072,5.374,3.904,4.97075,5.604,6.638,4.649,7.369,6.065,7.885,6.028,8.464,8.111,7.622,6.21925
Dubai, United Arab Emirates,Asia,4.183,8.037,7.886,10,7.5265,3.151,4.67,5.798,5.427,4.7615,2.591,5.49,9.172,6.036,5.82225,6.03675
Dublin, Ireland,Europe,6.204,8.346,7.515,6.255,7.08,8.344,7.135,5.664,7.328,7.11775,2.512,4.005,7.121,6.502,5.035,6.410916667
Dusseldorf, Germany,Europe,2.23,9.072,5.374,3.904,5.145,5.666,4.664,5.358,7.868,5.889,6.282,5.134,8.166,7.375,6.73925,5.924416667
Edinburgh, United Kingdom,Europe,3.337,8.992,5.438,5.954,5.93025,5.176,7.201,5.131,7.922,6.3575,5.845,5.114,8.485,7.763,6.80175,6.363166667
Edmonton, Canada,North America,2.392,8.966,5.841,7.275,6.1185,4.61,3.974,3.385,7.925,4.9735,6.73,5.522,7.118,8.176,6.8865,5.992833333
Eindhoven, Netherlands,Europe,3.017,8.837,5.053,4.955,5.4655,7.659,4.334,4.628,9.342,6.49075,6.252,5.125,9.107,8.805,7.32225,6.426166667
New Orleans,United States,North America,1.21,8.671,6.514,4.346,5.18525,6.453,7.198,1,5.124,4.94375,5.339,4.992,2.088,5.674,4.52325,4.884083333
Florence, Italy,Europe,0,6.19,3.362,2.436,2.997,4.442,8.503,1.677,6.736,5.3395,6.775,4.649,7.972,6.009,6.35125,4.895916667
Florianopolis, Brazil,South America,0,2.781,2.187,2.852,1.955,3.185,5.33,5.751,7.638,5.476,9.06,8.331,6.525,4.944,7.215,4.882
Portland,United States,North America,0,8.671,6.514,4.062,4.81175,3.546,3.305,4.978,8.271,5.025,0,0,6.358,7.675,3.50825,4.448333333
Frankfurt, Germany,Europe,3.399,9.072,5.374,3.904,5.43725,4.079,6.492,5.384,7.034,5.74725,5.957,5.143,6.838,6.476,6.1035,5.762666667
Fukuoka, Japan,Asia,1.79,8.39,3.724,6.033,4.98425,4.575,5.86,5.682,7.259,5.844,4.01,0,9.945,7.916,5.46775,5.432
Galway, Ireland,Europe,2.556,8.346,7.515,6.255,6.168,7.637,1.115,3.712,8.7,5.291,6.276,4.927,8.89,7.519,6.903,6.120666667
Gdansk, Poland,Europe,0,5.704,4.762,5.097,3.89075,5.036,5.515,5.025,4.478,5.0135,8.508,8.127,8.04,7.795,8.1175,5.673916667
Geneva, Switzerland,Europe,3.089,8.888,6.552,6.429,6.2395,8.378,5.244,6.554,8.62,7.199,1.078,1,8.427,8.602,4.77675,6.07175
Gibraltar, Gibraltar,Europe,1.566,0,0,2.913,1.11975,4.296,2.235,4.756,4.426,3.92825,1.112,0,9.338,5.184,3.9085,2.9855
Glasgow, United Kingdom,Europe,1.182,8.992,5.438,5.954,5.3915,4.253,4.671,3.741,6.943,4.902,6.929,5.623,7.496,7.101,6.78725,5.693583333
Gothenburg, Sweden,Europe,3.725,9.569,5.694,2.75,5.4345,6.192,4.004,4.568,6.364,5.282,6.725,5.046,7.296,8.59,6.91425,5.876916667
Grenoble, France,Europe,1.852,8.088,4.204,2.648,4.198,3.758,3.178,4.646,5.05,4.158,7.505,4.317,5.888,6.151,5.96525,4.77375
Guadalajara, Mexico,North America,0,5.765,3.5,4.334,3.39975,4.093,7.657,3.477,8.158,5.84625,9.527,9.49,6.472,3.343,7.208,5.484666667
Guatemala City, Guatemala,North America,1.673,4.617,3.805,8.505,4.65,2.506,5.164,4.134,7.157,4.74025,8.812,8.175,6.139,3.758,6.721,5.370416667
Halifax, Canada,North America,2.284,8.966,5.841,7.275,6.0915,6.124,3.942,4.023,7.853,5.4855,6.895,4.943,7.189,7.618,6.66125,6.079416667
Hamburg, Germany,Europe,4.197,9.072,5.374,3.904,5.63675,5.56,6.352,5.088,7.163,6.04075,5.945,4.904,6.459,8.124,6.358,6.011833333
Hannover, Germany,Europe,0,9.072,5.374,3.904,4.5875,5.666,3.526,4.266,7.266,5.181,7.754,6,7.353,9.131,7.5595,5.776
Havana, Cuba,North America,0,1.643,2.55,0.5,1.17325,1.703,2.07,5.022,8.76,4.38875,9.089,7.608,8.634,3.862,7.29825,4.28675
Helsinki, Finland,Europe,5.507,9.451,3.921,4.878,5.93925,5.104,7.055,4.798,7.502,6.11475,5.396,4.121,8.674,9.301,6.873,6.309
Ho Chi Minh City, Vietnam,Asia,1.739,4.102,4.834,5.045,3.93,4.565,5.874,1.258,5.943,4.41,8.618,8.844,6.768,1.42,6.4125,4.9175
Hong Kong, Hong Kong,Asia,8.314,9.294,6.482,8.38,8.1175,6.228,7.058,5.796,7.152,6.5585,1,4.967,9.35,4.533,4.9625,6.546166667
Baltimore,United States,North America,4.358,5.502,6.514,4.062,5.109,4.988,0,3.98,5.755,3.68075,4.83,4.982,2.373,5.785,4.4925,4.427416667
Boston,United States,North America,10,8.671,6.514,4.062,7.31175,5.701,8.564,5.66,8.482,7.10175,1,4.259,7.742,8.171,5.293,6.568833333
Hyderabad, India,Asia,3.585,3.618,5.556,3.414,4.04325,5.54,4.271,3.209,4.132,4.288,10,10,8.126,2.841,7.74175,5.357666667
Detroit,United States,North America,5.184,8.671,6.514,3.778,6.03675,6.167,7.478,5.387,3.678,5.6775,6.223,6.032,4.462,4.047,5.191,5.635083333
Innsbruck, Austria,Europe,0,7.596,4.663,2.666,3.73125,5.06,4.424,3.964,8.485,5.48325,6.708,4.732,8.273,7.366,6.76975,5.328083333
Istanbul, Turkey,Asia,2.111,5.948,4.094,4.323,4.119,3.5,10,5.744,3.892,5.784,9.138,8.787,6.894,3.405,7.056,5.653
Minneapolis-Saint Paul,United States,North America,5.523,8.671,6.514,4.062,6.1925,6.258,6.85,5.096,7.288,6.373,4.739,5.042,5.085,8.362,5.807,6.124166667
Jakarta, Indonesia,Asia,6.437,4.029,4.658,6.266,5.3475,4.499,8.146,7.202,2.066,5.47825,8.671,8.471,7,2.486,6.657,5.827583333
Johannesburg, South Africa,Africa,1.467,4.732,2.768,5.151,3.5295,2.838,4.402,2.956,3.66,3.464,8.012,7.575,5.166,4.326,6.26975,4.421083333
Kansas City,United States,North America,3.538,8.671,6.514,4.062,5.69625,8.189,6.675,4.162,5.02,6.0115,6.708,5.844,4.423,7.976,6.23775,5.981833333
Karlsruhe, Germany,Europe,1.299,9.072,5.374,3.904,4.91225,4.594,3.986,4.589,8.337,5.3765,7.764,5.294,6.858,7.768,6.921,5.736583333
Kathmandu, Nepal,Asia,0,4.74,4.496,5.513,3.68725,2.201,5.039,3.798,9.129,5.04175,10,9.445,8.506,1,7.23775,5.32225
Kiev, Ukraine,Europe,2.545,4.525,1.276,5.478,3.456,6.041,8.42,5.349,6.827,6.65925,9.084,9.817,7.256,3.666,7.45575,5.857
Kingston, Jamaica,North America,0,6.568,1.83,6.073,3.61775,4.483,4.278,3.346,2.844,3.73775,8.896,5.937,5.528,3.02,5.84525,4.40025
St. Louis,United States,North America,3.885,8.671,6.514,4.062,5.783,8.909,7.643,4.828,4.376,6.439,6.958,5.504,3.881,7.374,5.92925,6.050416667
Krakow, Poland,Europe,2.11,5.704,4.762,5.097,4.41825,5.788,7.84,4.308,4.592,5.632,8.424,8.509,8.522,4.802,7.56425,5.8715
Kuala Lumpur, Malaysia,Asia,4.245,7.597,6.339,6.126,6.07675,5.462,7.166,5.739,1.528,4.97375,8.664,8.238,5.881,3.87,6.66325,5.904583333
Kyoto, Japan,Asia,0,8.39,3.724,6.033,4.53675,3.712,8.154,1.646,7.663,5.29375,3.765,0,10,6.435,5.05,4.960166667
Lagos, Nigeria,Africa,2.51,3.256,5.061,6.216,4.26075,1.634,1.358,3.824,1.406,2.0555,7.767,9.098,5.999,1.907,6.19275,4.169666667
La Paz, Bolivia,South America,0,3.482,4.536,4.549,3.14175,1.548,1.525,5.5,6.293,3.7165,4.724,0,6.751,1.734,3.30225,3.386833333
Las Palmas de Gran Canaria, Spain,Europe,0,7.12,4.296,3.894,3.8275,6.196,2.814,5.538,9.718,6.0665,8.232,7.717,9.154,6.86,7.99075,5.961583333
Bozeman,United States,North America,0,8.671,6.514,4.062,4.81175,5.156,1.907,6.134,7.294,5.12275,2.949,0,6.914,9.369,4.808,4.914166667
Lausanne, Switzerland,Europe,3.308,8.888,6.552,6.429,6.29425,4.146,4.222,5.338,8.454,5.54,4.076,1,8.032,8.81,5.4795,5.77125
Leeds, United Kingdom,Europe,4.423,8.992,5.438,5.954,6.20175,7.329,3.744,1.296,7.214,4.89575,6.811,5.363,7.731,5.922,6.45675,5.851416667
Leipzig, Germany,Europe,0,9.072,5.374,3.904,4.5875,5.647,4.526,4.747,7.194,5.5285,8.177,5.911,7.277,9.033,7.5995,5.905166667
Lille, France,Europe,2.381,8.088,4.204,2.648,4.33025,3.827,5.11,2.293,7.203,4.60825,7.532,5.399,6.942,4.24,6.02825,4.988916667
Lima, Peru,South America,1.65,5.002,3.163,6.524,4.08475,2.41,6.808,5.388,6.08,5.1715,8.712,8.496,5.29,2.481,6.24475,5.167
Lisbon, Portugal,Europe,3.194,8.239,3.483,4.158,4.7685,6.394,7.834,5.691,9.597,7.379,6.734,7.004,8.438,6.412,7.147,6.4315
Liverpool, United Kingdom,Europe,2.355,8.992,5.438,5.954,5.68475,8.994,5.393,5.459,7.451,6.82425,7.485,6.02,7.728,7.275,7.127,6.545333333
Ljubljana, Slovenia,Europe,1.23,7.677,4.72,4.81,4.60925,5.49,4.799,1.822,8.184,5.07375,8.214,6.749,8.953,8.662,8.1445,5.9425
London, United Kingdom,Europe,9.859,8.992,5.438,5.954,7.56075,5.846,9.456,5.374,6.573,6.81225,1,3.94,7.244,5.548,4.433,6.268666667
Omaha,United States,North America,0,8.671,6.514,4.204,4.84725,6.306,4.942,4.181,5.801,5.3075,7.041,5.994,5.552,7.876,6.61575,5.590166667
Las Vegas,United States,North America,2.022,8.671,6.514,4.772,5.49475,5.304,6.368,5.385,7.275,6.083,7.001,5.759,2.385,5.557,5.1755,5.584416667
Luxembourg, Luxembourg,Europe,1.899,7.857,7.473,7.151,6.095,5.458,4.496,1.475,8.804,5.05825,2.453,3.411,8.628,8.576,5.767,5.640083333
Lviv, Ukraine,Europe,0,4.525,1.276,5.478,2.81975,5.056,7.058,4.436,6.716,5.8165,9.778,10,7.822,4.825,8.10625,5.580833333
Lyon, France,Europe,3.083,8.088,4.204,2.648,4.50575,9.403,5.988,5.374,6.517,6.8205,6.697,4.349,7.134,6.543,6.18075,5.835666667
Albuquerque,United States,North America,1.493,8.671,6.514,4.346,5.256,5.396,4.89,3.516,7.028,5.2075,7.262,6.059,1.344,7.32,5.49625,5.319916667
Madrid, Spain,Europe,4.79,7.12,4.296,3.894,5.025,6.241,9.338,6.22,7.665,7.366,6.414,6.249,7.792,5.566,6.50525,6.29875
Malaga, Spain,Europe,0,7.12,4.296,3.894,3.8275,6.19,6.389,5.784,7.5,6.46575,8.052,7.375,7.693,8.108,7.807,6.033416667
Malmo, Sweden,Europe,2.683,9.569,5.694,2.75,5.174,8.22,2.344,4.524,5.304,5.098,7.263,5.57,6.598,9.206,7.15925,5.810416667
Managua, Nicaragua,North America,0,4.6,3.94,3.254,2.9485,1.177,1.837,1.434,9.239,3.42175,4.786,0,7.775,3.34,3.97525,3.4485
Manchester, United Kingdom,Europe,4.908,8.992,5.438,5.954,6.323,5.814,4.975,3.676,6.677,5.2855,6.456,5.049,6.772,4.363,5.66,5.756166667
Manila, Philippines,Asia,3.547,4.592,5.006,4.303,4.362,4.608,7.584,4.826,5.503,5.63025,8.596,8.752,6.434,1.683,6.36625,5.452833333
Marseille, France,Europe,2.843,8.088,4.204,2.648,4.44575,5.542,5.443,5.184,6.174,5.58575,7.588,6.026,5.252,3.942,5.702,5.2445
Medellin, Colombia,South America,0,6.349,4.594,1.852,3.19875,4.148,5.029,3.662,9.302,5.53525,9.232,9.315,7.477,6.171,8.04875,5.59425
Melbourne, Australia,Oceania,5.02,9.4,6.07,4.588,6.2695,5.896,6.461,6.203,7,6.39,4.83,4.798,7.132,7.891,6.16275,6.274083333
Buffalo,United States,North America,2.715,8.671,6.514,3.92,5.455,6.758,4.32,4.646,7.404,5.782,7.076,5.228,7.188,8.329,6.95525,6.064083333
Mexico City, Mexico,North America,2.634,5.761,3.5,4.334,4.05725,5.841,9.962,3.914,7.089,6.7015,8.36,9.244,5.464,2.506,6.3935,5.717416667
New York,United States,North America,10,8.671,6.514,3.92,7.27625,7.098,10,5.748,6.712,7.3895,1,2.342,7.022,5.234,3.8995,6.188416667
Milan, Italy,Europe,3.286,6.19,3.362,2.436,3.8185,5.014,7.917,5.641,7.22,6.448,5.195,4.801,7.378,4.458,5.458,5.2415
Rochester,United States,North America,1.505,8.671,6.514,3.92,5.1525,5.551,5.335,4.404,5.902,5.298,6.727,5.488,5.899,5.935,6.01225,5.487583333
Asheville,United States,North America,0,8.671,6.514,4.062,4.81175,4.788,5.063,2.266,7.73,4.96175,5.856,5.311,5.853,8.493,6.37825,5.383916667
Minsk, Belarus,Europe,0,5.596,3.204,5.926,3.6815,4.863,6.95,4.906,7.422,6.03525,9.496,9.289,9.038,7.048,8.71775,6.144833333
Montevideo, Uruguay,South America,2.205,7.944,4.416,4.828,4.84825,2.178,4.946,5.178,9.71,5.503,8.183,6.197,5.974,4.545,6.22475,5.525333333
Montreal, Canada,North America,5.773,8.966,5.841,7.275,6.96375,4.478,6.918,5.303,8.193,6.223,7.392,5.948,7.822,7.722,7.221,6.802583333
Moscow, Russia,Europe,3.705,5.387,3.148,6.017,4.56425,6.571,8.875,5.09,3.475,6.00275,6.555,8.099,7.478,5.275,6.85175,5.80625
Mumbai, India,Asia,6.179,3.618,5.556,3.414,4.69175,3.429,4.968,5.792,3.839,4.507,8.124,9.825,7.619,2.096,6.916,5.371583333
Munich, Germany,Europe,6.509,9.072,5.374,3.904,6.21475,5.155,7.336,7.331,8.474,7.074,4.23,4.648,9.049,9.018,6.73625,6.675
Nairobi, Kenya,Africa,4.601,3.246,4.377,5.084,4.327,1.889,2.67,4.05,2.579,2.797,8.85,8.432,5.972,3.199,6.61325,4.579083333
Nantes, France,Europe,2.23,8.088,4.204,2.648,4.2925,4.867,4.351,2.672,7.056,4.7365,7.722,5.021,7.636,7.323,6.9255,5.318166667
Naples, Italy,Europe,0,6.19,3.362,2.436,2.997,5.314,6.045,5.359,6.754,5.868,8.215,5.81,6.39,1.656,5.51775,4.79425
Charlotte,United States,North America,2.878,8.671,6.514,4.062,5.53125,6.387,5.606,1.312,6.79,5.02375,5.549,4.987,5.347,8.009,5.973,5.509333333
Raleigh,United States,North America,5.157,8.671,6.514,4.062,6.101,7.952,6.613,3.391,7.562,6.3795,6.129,5.61,6.522,8.584,6.71125,6.39725
Cincinnati,United States,North America,2.709,8.671,6.514,3.92,5.4535,6.512,6.118,3.608,5.299,5.38425,6.678,6.108,4.975,7.11,6.21775,5.685166667
Nice, France,Europe,2.603,8.088,4.204,2.648,4.38575,6.472,4.78,5.526,6.467,5.81125,6.498,4.475,7.234,6.423,6.1575,5.4515
Nicosia, Cyprus,Europe,0,7.439,2.996,7.508,4.48575,2.654,6.949,1.776,7.506,4.72125,8.631,6.301,8.103,3.672,6.67675,5.294583333
Cleveland,United States,North America,3.646,8.671,6.514,3.92,5.68775,5.477,5.697,4.669,4.775,5.1545,7.156,5.595,3.637,7.25,5.9095,5.583916667
Columbus,United States,North America,4.973,8.671,6.514,3.92,6.0195,4.554,6.466,4.545,5.922,5.37175,6.29,5.746,5.282,8.166,6.371,5.92075
Oklahoma City,United States,North America,0,8.671,6.514,4.204,4.84725,7.689,5.376,4.129,6.022,5.804,7.261,6.394,4.686,7.615,6.489,5.713416667
Osaka, Japan,Asia,2.144,8.418,3.724,6.033,5.07975,3.724,7.226,5.188,7.19,5.832,7.832,4.819,10,5.327,6.9945,5.96875
Oslo, Norway,Europe,3.869,9.635,7.074,4.752,6.3325,7.97,5.899,6.19,7.03,6.77225,3.768,1.038,7.107,8.424,5.08425,6.063
Ottawa, Canada,North America,2.612,8.966,5.841,7.275,6.1735,6.267,6.092,5.318,8.63,6.57675,6.7,6.027,8.448,9.292,7.61675,6.789
Oulu, Finland,Europe,2.575,9.451,3.921,4.878,5.20625,5.723,2.006,5.072,8.329,5.2825,3.744,0,8.459,8.933,5.284,5.257583333
Oxford, United Kingdom,Europe,3.843,8.992,5.438,5.954,6.05675,6.155,5.495,2.629,8.258,5.63425,3.65,4.941,8.568,7.554,6.17825,5.956416667
Eugene,United States,North America,1.964,8.671,6.514,3.92,5.26725,4.756,2.956,3.533,8.97,5.05375,6.713,5.021,6.172,8.231,6.53425,5.618416667
Panama, Panama,North America,0,6.209,6.041,6.948,4.7995,3.19,5.556,4.82,6.786,5.088,3.153,0,6.976,4.384,3.62825,4.50525
Paris, France,Europe,7.513,8.088,4.204,2.648,5.61325,9.716,9.816,4.433,5.579,7.386,3.584,3.664,6.246,4.362,4.464,5.821083333
Perth, Australia,Oceania,3.102,9.4,6.07,4.588,5.79,4.178,4.512,5.684,7.471,5.46125,5.233,4.795,7.104,8.133,6.31625,5.855833333
Portland,United States,North America,5.899,8.671,6.514,3.92,6.251,5.969,6.22,6.304,8.159,6.663,4.138,4.924,5.18,8.46,5.6755,6.1965
Phnom Penh, Cambodia,Asia,0,1,5.38,7.984,3.591,3.395,5.407,3.433,6.031,4.5665,8.552,8.001,6.684,2.448,6.42125,4.859583333
Philadelphia,United States,North America,5.216,8.671,6.514,3.778,6.04475,7.443,8.492,4.115,5.865,6.47875,4.207,4.422,3.133,5.124,4.2215,5.581666667
Phuket, Thailand,Asia,0,5.604,2.387,6.795,3.6965,3.615,4.814,4.626,5.156,4.55275,8.823,7.602,5.728,3.624,6.44425,4.897833333
Pittsburgh,United States,North America,3.581,8.671,6.514,3.778,5.636,8.67,6.859,4.068,7.39,6.74675,5.964,4.795,4.791,6.874,5.606,5.99625
San Juan,United States,North America,0,3.173,0,4.397,1.8925,4.273,6.84,5.324,3.66,5.02425,7.428,5.98,5.121,4.493,5.7555,4.224083333
Providence,United States,North America,1,8.671,6.514,4.204,5.09725,8.934,3.919,1.084,7.49,5.35675,3.153,0,6.846,5.9,3.97475,4.809583333
Porto, Portugal,Europe,1.886,8.239,3.483,4.158,4.4415,4.494,5.625,5.948,9.574,6.41025,8.11,7.422,7.705,7.039,7.569,6.14025
Porto Alegre, Brazil,South America,0,2.781,2.187,2.852,1.955,2.196,7.704,4.922,7.448,5.5675,9.221,8.12,5.296,4.14,6.69425,4.738916667
Prague, Czechia,Europe,2.302,6.213,4.378,5.934,4.70675,6.09,8.465,4.901,8.198,6.9135,7.43,7.569,8.66,7.014,7.66825,6.4295
Charleston,United States,North America,2.011,8.671,6.514,4.062,5.3145,6.093,6.595,5.01,5.771,5.86725,4.637,3.567,5.056,7.276,5.134,5.438583333
Quebec, Canada,Europe,2.237,8.966,5.841,7.275,6.07975,3.298,5.637,4.719,8.622,5.569,8.518,6.037,9.16,7.316,7.75775,6.468833333
Quito, Ecuador,South America,0,3.021,3.886,7.514,3.60525,3.482,4.802,5.5,8.826,5.6525,9.016,7.822,6.969,4.176,6.99575,5.417833333
Chattanooga,United States,North America,2.228,8.671,6.514,4.772,5.54625,8.365,4.162,3.908,4.792,5.30675,6.782,6.121,4.468,7.152,6.13075,5.66125
Reykjavik, Iceland,Europe,2.875,9.36,5.283,4.466,5.496,6.742,5.02,4.804,9.565,6.53275,2.772,1,8.658,8.624,5.2635,5.764083333
Knoxville,United States,North America,0,8.671,6.514,4.772,4.98925,7.092,4.496,1.752,5.402,4.6855,6.975,6.447,5.13,3.723,5.56875,5.081166667
Riga, Latvia,Europe,1.358,7.363,4.095,5.929,4.68625,5.841,7.706,5.526,6.884,6.48925,8.933,7.329,7.626,6.966,7.7135,6.296333333
Rio De Janeiro, Brazil,South America,2.414,4.037,2.187,2.845,2.87075,2.338,8.668,6.152,5.772,5.7325,8.32,7.751,5.296,3.323,6.1725,4.92525
Riyadh, Saudi Arabia,Asia,2.022,6.104,7.042,10,6.292,4.13,5.844,0.5,2.909,3.34575,8.696,7.806,7.583,3.351,6.859,5.498916667
Memphis,United States,North America,0,8.671,6.514,4.772,4.98925,6.07,6.86,3.57,4.041,5.13525,7.115,5.829,2.859,4.545,5.087,5.0705
Rome, Italy,Europe,1.013,6.19,3.362,2.436,3.25025,4.491,9.11,6.396,6.222,6.55475,5.602,5.323,6.605,4.276,5.4515,5.0855
Rotterdam, Netherlands,Europe,2.83,8.837,5.053,4.955,5.41875,5.853,5.427,4.281,8.28,5.96025,6.044,4.934,8.268,7.087,6.58325,5.987416667
Saint Petersburg, Russia,Europe,0,5.547,3.148,6.044,3.68475,5.642,9.654,5.385,4.338,6.25475,8.36,8.673,7.793,4.324,7.2875,5.742333333
Nashville,United States,North America,3.569,8.671,6.514,4.772,5.8815,6.637,7.02,1.274,6.808,5.43475,4.454,5.742,5.078,7.056,5.5825,5.632916667
Austin,United States,North America,6.939,8.671,6.514,4.772,6.724,9.049,6.698,3.909,6.79,6.6115,4.334,5.355,5.069,7.031,5.44725,6.260916667
Dallas,United States,North America,4.916,8.671,6.514,4.772,6.21825,6.461,7.168,4.502,5.294,5.85625,5.259,6.091,4.339,6.693,5.5955,5.89
Houston,United States,North America,4.474,8.671,6.514,4.772,6.10775,6.248,7.144,5.386,5.34,6.0295,5.225,6.162,3.129,5.305,4.95525,5.6975
San Jose, Costa Rica,North America,0,5.95,4.081,5.752,3.94575,1.516,6.867,2.786,8.939,5.027,8.164,6.728,6.709,5.256,6.71425,5.229
San Antonio,United States,North America,3.53,8.671,6.514,4.772,5.87175,8.074,6.696,3.419,6.254,6.11075,6.402,6.683,4.216,6.201,5.8755,5.952666667
Salt Lake City,United States,North America,7.09,8.671,6.514,4.204,6.61975,6.811,5.932,6.641,8.622,7.0015,6.141,6.172,5.657,6.216,6.0465,6.555916667
San Salvador, El Salvador,North America,0,4.661,2.659,5.526,3.2115,1.831,4.858,1.918,6.128,3.68375,8.802,7.743,5.402,1.001,5.737,4.21075
Santiago, Chile,South America,1,7.765,3.725,8.93,5.355,1,7.556,5.5,7.172,5.307,8.382,7.237,6.964,4.528,6.77775,5.81325
Santo Domingo, Dominican Republic,North America,0,4.413,6.114,5.768,4.07375,4.221,5.797,3.418,5.11,4.6365,9.289,8.076,5.779,2.38,6.381,5.030416667
Sao Paulo, Brazil,South America,4.253,2.781,2.187,2.852,3.01825,3.39,8.789,7.078,6.896,6.53825,8.316,7.823,5.296,2.654,6.02225,5.192916667
Sarajevo, Bosnia and Herzegovina,Europe,0,2.58,2.088,9.118,3.4465,4.648,5.934,2.871,7.736,5.29725,9.692,8.659,7.133,3.666,7.2875,5.34375
Saskatoon, Canada,North America,0,8.966,5.841,7.275,5.5205,4.89,1,0.5,7.336,3.4315,7.16,5.042,6.638,7.758,6.6495,5.2005
Richmond,United States,North America,2.097,8.671,6.514,4.204,5.3715,7.645,6.338,1.035,7.151,5.54225,6.44,5.949,3.376,6.622,5.59675,5.5035
Seoul, South Korea,Asia,4.066,8.279,5.561,6.608,6.1285,7.637,8.2,5.776,4.484,6.52425,6.143,3.698,8.305,6.787,6.23325,6.295333333
Seville, Spain,Europe,0,7.12,4.296,3.894,3.8275,6.19,7.416,3.033,9.265,6.476,8.096,6.961,8.93,7.221,7.802,6.035166667
Shanghai, China,Asia,9.288,3.896,6.103,1.496,5.19575,2.636,6.693,5.717,2.741,4.44675,5.744,7.179,7.208,2.839,5.7425,5.128333333
Singapore, Singapore,Asia,8.697,9.725,7.479,9.959,8.965,8.447,7.422,5.834,6.495,7.0495,1.745,3.489,9.972,7.954,5.79,7.268166667
Skopje, Macedonia,Europe,0,6.882,4.123,9.475,5.12,4.52,6.208,3.302,4.29,4.58,9.741,9.11,7.28,2.649,7.195,5.631666667
Sofia, Bulgaria,Europe,3.155,5.295,3.25,8.721,5.10525,6.273,5.318,4.056,6.741,5.597,9.306,8.55,7.55,4.999,7.60125,6.101166667
Seattle,United States,North America,7.551,8.671,6.514,4.772,6.877,4.94,8.116,7.209,8.089,7.0885,2.291,3.79,5.636,7.56,4.81925,6.261583333
Stockholm, Sweden,Europe,6.229,9.569,5.694,2.75,6.0605,7.614,6.797,4.494,5.72,6.15625,4.865,4.36,6.886,8.992,6.27575,6.164166667
Stuttgart, Germany,Europe,1.936,9.072,5.374,3.904,5.0715,5.124,5.556,3.95,7.533,5.54075,6.314,5.673,8.27,7.225,6.8705,5.827583333
Sydney, Australia,Oceania,6.427,9.4,6.07,4.588,6.62125,4.736,6.228,6.264,7.033,6.06525,1.986,4.128,7.571,7.817,5.3755,6.020666667
Taipei, Taiwan,Asia,2.781,8.342,6.636,7.333,6.273,5.232,7.264,5.588,8.044,6.532,7.977,5.644,9.542,6.236,7.34975,6.71825
Tallinn, Estonia,Europe,5.829,8.129,4.185,5.341,5.871,5.202,7.024,4.536,7.839,6.15025,8.377,6.931,9.426,7.826,8.14,6.720416667
Madison,United States,North America,2.913,8.671,6.514,4.204,5.5755,4.992,4.422,4.376,7.9,5.4225,5.83,6.173,7.362,9.524,7.22225,6.073416667
Tampere, Finland,Europe,2.549,9.451,3.921,4.878,5.19975,5.792,4.187,4.571,8.291,5.71025,6.936,4.622,8.689,8.922,7.29225,6.067416667
Tartu, Estonia,Europe,0,8.129,4.185,5.341,4.41375,4.3,4.081,3.499,7.483,4.84075,8.961,7.47,9.376,9.416,8.80575,6.020083333
Tashkent, Uzbekistan,Asia,0,5.175,5.538,6.014,4.18175,1.243,3.176,4.242,6.17,3.70775,5,0,8.904,6.555,5.11475,4.33475
Tbilisi, Georgia,Europe,0,7.863,4.252,8.055,5.0425,4.087,4.919,5.478,8.197,5.67025,9.49,9.765,9.506,3.197,7.9895,6.234083333
Tehran, Iran,Asia,0,4.343,3.944,4.052,3.08475,1.576,6.521,5.5,4.222,4.45475,8.303,9.544,6.793,2.942,6.8955,4.811666667
Tel Aviv, Israel,Asia,9.16,6.79,5.026,6.918,6.9735,2.566,5.334,5.412,5.516,4.707,4.91,4.37,8.007,6.027,5.8285,5.836333333
The Hague, Netherlands,Europe,1.107,8.837,5.053,4.955,4.988,6.514,5.014,4.924,8.553,6.25125,6.053,4.653,8.789,8.284,6.94475,6.061333333
Thessaloniki, Greece,Europe,0,6.169,3.32,4.166,3.41375,2.596,7.689,4.665,7.523,5.61825,9.378,6.6,7.992,3.338,6.827,5.286333333
Tokyo, Japan,Asia,3.963,8.378,3.724,6.033,5.5245,4.835,9.342,6.522,7.195,6.9735,5.657,3.431,10,5.956,6.261,6.253
Toronto, Canada,North America,7.602,8.966,5.841,7.275,7.421,4.383,7.826,5.594,7.928,6.43275,4.66,5.271,7.694,7.178,6.20075,6.684833333
Toulouse, France,Europe,2.042,8.088,4.204,2.648,4.2455,4.622,4.137,3.304,7.634,4.92425,7.544,4.552,6.967,5.08,6.03575,5.0685
Tunis, Tunisia,Africa,0,6.622,3.092,2.599,3.07825,1.072,5.743,5.366,4.727,4.227,9.968,9.998,8.292,3.28,7.8845,5.06325
Turin, Italy,Europe,0,6.19,3.362,2.436,2.997,2.369,7.061,5.705,5.777,5.228,8.07,5.612,6.252,3.886,5.955,4.726666667
Turku, Finland,Europe,1.773,9.451,3.921,4.878,5.00575,6.682,5.098,4.538,7.751,6.01725,7.534,5.07,9.176,9.105,7.72125,6.248083333
Uppsala, Sweden,Europe,0,9.569,5.694,2.75,4.50325,5.854,3.427,3.466,6.951,4.9245,7.16,5.442,7.85,8.582,7.2585,5.562083333
Utrecht, Netherlands,Europe,1.929,8.837,5.053,4.955,5.1935,6.676,5.373,4.696,8.566,6.32775,5.466,4.604,8.631,8.095,6.699,6.073416667
Valencia, Spain,Europe,2.583,7.12,4.296,3.894,4.47325,9.14,7.078,6.332,7.935,7.62125,8.136,6.872,7.786,5.942,7.184,6.426166667
Valletta, Malta,Europe,2.148,5.377,5.54,5.783,4.712,3.202,5.827,4.717,7.563,5.32725,3.153,0,8.518,3.776,3.86175,4.633666667
Vancouver, Canada,North America,5.842,8.966,5.841,7.275,6.981,4.551,5.717,7.4,8.295,6.49075,4.081,5.259,7.57,8.423,6.33325,6.601666667
Victoria, Canada,North America,2.719,8.966,5.841,7.275,6.20025,6.195,4.523,4.356,8.782,5.964,5.696,5.703,7.808,9.295,7.1255,6.429916667
Vienna, Austria,Europe,3.635,7.596,4.663,2.666,4.64,6.173,8.522,5.294,8.964,7.23825,6.314,5.111,8.596,9.27,7.32275,6.400333333
Vilnius, Lithuania,Europe,2.828,7.6,4.691,6.592,5.42775,7.926,5.199,4.106,7.393,6.156,8.621,7.576,8.857,8.718,8.443,6.675583333
Warsaw, Poland,Europe,1.853,5.704,4.762,5.097,4.354,6,7.336,4.961,4.636,5.73325,7.87,8.192,8.7,6.389,7.78775,5.958333333
Milwaukee,United States,North America,2.005,8.671,6.514,4.204,5.3485,4.346,6.838,5.064,4.844,5.273,6.122,5.526,4.267,7.989,5.976,5.5325
Wellington, New Zealand,Oceania,1.753,10,5.506,5.932,5.79775,5.174,4.599,6.397,8.116,6.0715,5.134,5.161,8.223,9.609,7.03175,6.300333333
Winnipeg, Canada,North America,0,8.966,5.841,7.275,5.5205,4.903,4.688,4.243,6.659,5.12325,7.553,5.882,6.016,5.675,6.2815,5.64175
Wroclaw, Poland,Europe,2.386,5.704,4.762,5.097,4.48725,5.762,4.75,4.085,3.904,4.62525,8.452,8.434,8.166,4.965,7.50425,5.538916667
Yerevan, Armenia,Asia,0,6.501,3.458,8.055,4.5035,3.9,4.737,7.776,7.347,5.94,9.694,9.431,8.873,4.44,8.1095,6.184333333
Zagreb, Croatia,Europe,1.775,5.72,2.236,7.993,4.431,5.034,4.994,4.809,7.955,5.698,8.91,7.194,8.658,7.332,8.0235,6.050833333
Zurich, Switzerland,Europe,3.872,8.888,6.552,6.429,6.43525,7.268,4.966,5.401,8.784,6.60475,1.473,1,9.066,8.643,5.0455,6.0285
